name,row,col,mean_var,max_var,top5_var,low_var_count,high_var_count,very_high_var_count,residual_mean,residual_max,lap_mean,lap_max,grad_mean,grad_max,edge_strength,h_strength,h_strength_max,h_strength_min,v_strength,v_strength_max,v_strength_min,edge_orientation_conf,row_second_diff,row_second_diff_max,row_second_diff_min,col_second_diff,col_second_diff_max,col_second_diff_min,second_diff_max,second_diff_min_max,profile_ringing_max,profile_ringing_mean,ringing_mean_max,ringing_mean_min,ringing_mean_min_max,row_ringing_max,row_ringing_min,row_ringing_mean,row_ringing_dyn_score,row_ringing_d2_score,row_ringing_sign_score,col_ringing_max,col_ringing_min,col_ringing_mean,col_ringing_dyn_score,col_ringing_d2_score,col_ringing_sign_score,low_var_th,high_var_th,very_high_var_th,max_strength_th,eps,dyn_score_lo,dyn_score_hi,d2_score_lo,d2_score_hi,sign_score_lo,sign_score_hi,dyn_ratio,d2_ratio,sign_ratio
MNR_002#out1#mnr_input0006,108,55,0.01,0.47,0.18,64,0,0,0.02,0.44,0.06,2.0,0.06,2.0,0.02,0.02,1.0,0.0,0.02,1.0,0.0,0.0,0.02,0.17,0.0,0.02,0.17,0.0,0.02,1.0,0.0,0.0,0.0,0.0,0.0,0.0,0.0,0.0,0.0,0.0,0.0,0.0,0.0,0.0,0.0,0.0,0.0,100,500,2000,0.0,3.0,20,120,5,60,1,4,0.45,0.35,0.2
MNR_002#out1#mnr_input0006,109,55,0.06,0.25,0.23,64,0,0,0.08,0.44,0.27,2.0,0.27,2.0,0.12,0.02,1.0,0.0,0.12,1.0,0.0,0.88,0.0,0.0,0.0,0.17,0.17,0.17,0.17,0.0,0.0,0.0,0.0,0.0,0.0,0.0,0.0,0.0,0.0,0.0,0.0,0.0,0.0,0.0,0.0,0.0,0.0,100,500,2000,0.0,3.0,20,120,5,60,1,4,0.45,0.35,0.2
MNR_002#out1#mnr_input0006,110,55,0.01,0.17,0.07,64,0,0,0.01,0.22,0.02,1.0,0.02,1.0,0.0,0.0,0.0,0.0,0.0,0.0,0.0,0.0,0.0,0.0,0.0,0.0,0.0,0.0,0.0,0.0,0.0,0.0,0.0,0.0,0.0,0.0,0.0,0.0,0.0,0.0,0.0,0.0,0.0,0.0,0.0,0.0,0.0,100,500,2000,0.0,3.0,20,120,5,60,1,4,0.45,0.35,0.2
MNR_002#out1#mnr_input0006,111,55,0.09,0.25,0.24,64,0,0,0.14,0.56,0.47,2.0,0.47,2.0,0.12,0.12,1.0,0.0,0.11,1.0,0.0,0.12,0.17,0.17,0.17,0.12,0.17,0.0,0.17,0.75,0.0,0.0,0.0,0.0,0.0,0.0,0.0,0.0,0.0,0.0,0.0,0.0,0.0,0.0,0.0,0.0,0.0,100,500,2000,0.0,3.0,20,120,5,60,1,4,0.45,0.35,0.2
MNR_002#out1#mnr_input0006,108,56,0.16,0.99,0.82,64,0,0,0.09,0.67,0.27,2.0,0.61,4.0,0.27,0.08,1.0,0.0,0.27,1.0,0.0,0.71,0.1,0.17,0.0,0.21,0.5,0.17,0.21,0.5,0.0,0.0,0.0,0.0,0.0,0.0,0.0,0.0,0.0,0.0,0.0,0.0,0.0,0.0,0.0,0.0,0.0,100,500,2000,0.0,3.0,20,120,5,60,1,4,0.45,0.35,0.2
MNR_002#out1#mnr_input0006,109,56,0.06,0.22,0.22,64,0,0,0.08,0.33,0.25,1.0,0.25,1.0,0.12,0.0,0.0,0.0,0.12,1.0,0.0,1.0,0.0,0.0,0.0,0.17,0.17,0.17,0.17,0.0,0.0,0.0,0.0,0.0,0.0,0.0,0.0,0.0,0.0,0.0,0.0,0.0,0.0,0.0,0.0,0.0,0.0,100,500,2000,0.0,3.0,20,120,5,60,1,4,0.45,0.35,0.2
MNR_002#out1#mnr_input0006,110,56,0.0,0.0,0.0,64,0,0,0.0,0.0,0.0,0.0,0.0,0.0,0.0,0.0,0.0,0.0,0.0,0.0,0.0,0.0,0.0,0.0,0.0,0.0,0.0,0.0,0.0,0.0,0.0,0.0,0.0,0.0,0.0,0.0,0.0,0.0,0.0,0.0,0.0,0.0,0.0,0.0,0.0,0.0,0.0,100,500,2000,0.0,3.0,20,120,5,60,1,4,0.45,0.35,0.2
MNR_002#out1#mnr_input0006,111,56,0.0,0.17,0.05,64,0,0,0.01,0.22,0.02,1.0,0.02,1.0,0.0,0.0,0.0,0.0,0.0,0.0,0.0,0.0,0.0,0.0,0.0,0.0,0.0,0.0,0.0,0.0,0.0,0.0,0.0,0.0,0.0,0.0,0.0,0.0,0.0,0.0,0.0,0.0,0.0,0.0,0.0,0.0,0.0,100,500,2000,0.0,3.0,20,120,5,60,1,4,0.45,0.35,0.2
MNR_002#out1#mnr_input0006,112,56,0.05,0.25,0.23,64,0,0,0.08,0.44,0.27,2.0,0.27,2.0,0.12,0.02,1.0,0.0,0.12,1.0,0.0,0.88,0.02,0.17,0.0,0.15,0.17,0.0,0.15,0.14,0.0,0.0,0.0,0.0,0.0,0.0,0.0,0.0,0.0,0.0,0.0,0.0,0.0,0.0,0.0,0.0,0.0,100,500,2000,0.0,3.0,20,120,5,60,1,4,0.45,0.35,0.2
MNR_002#out1#mnr_input0006,113,56,0.0,0.0,0.0,64,0,0,0.0,0.0,0.0,0.0,0.0,0.0,0.0,0.0,0.0,0.0,0.0,0.0,0.0,0.0,0.0,0.0,0.0,0.0,0.0,0.0,0.0,0.0,0.0,0.0,0.0,0.0,0.0,0.0,0.0,0.0,0.0,0.0,0.0,0.0,0.0,0.0,0.0,0.0,0.0,100,500,2000,0.0,3.0,20,120,5,60,1,4,0.45,0.35,0.2
MNR_002#out1#mnr_input0006,114,56,0.0,0.0,0.0,64,0,0,0.0,0.0,0.0,0.0,0.0,0.0,0.0,0.0,0.0,0.0,0.0,0.0,0.0,0.0,0.0,0.0,0.0,0.0,0.0,0.0,0.0,0.0,0.0,0.0,0.0,0.0,0.0,0.0,0.0,0.0,0.0,0.0,0.0,0.0,0.0,0.0,0.0,0.0,0.0,100,500,2000,0.0,3.0,20,120,5,60,1,4,0.45,0.35,0.2
MNR_002#out1#mnr_input0006,116,56,0.11,0.32,0.28,64,0,0,0.15,0.56,0.52,2.0,0.52,2.0,0.14,0.14,1.0,0.0,0.12,1.0,0.0,0.11,0.19,0.33,0.0,0.17,0.33,0.0,0.19,0.89,0.0,0.0,0.0,0.0,0.0,0.0,0.0,0.0,0.0,0.0,0.0,0.0,0.0,0.0,0.0,0.0,0.0,100,500,2000,0.0,3.0,20,120,5,60,1,4,0.45,0.35,0.2
MNR_002#out1#mnr_input0006,117,56,0.06,0.25,0.23,64,0,0,0.08,0.44,0.27,2.0,0.27,2.0,0.12,0.12,1.0,0.0,0.0,0.0,0.0,1.0,0.17,0.17,0.17,0.0,0.0,0.0,0.17,0.0,0.0,0.0,0.0,0.0,0.0,0.0,0.0,0.0,0.0,0.0,0.0,0.0,0.0,0.0,0.0,0.0,0.0,100,500,2000,0.0,3.0,20,120,5,60,1,4,0.45,0.35,0.2
MNR_002#out1#mnr_input0006,118,56,0.01,0.22,0.08,64,0,0,0.01,0.33,0.03,2.0,0.03,2.0,0.02,0.0,0.0,0.0,0.02,1.0,0.0,1.0,0.0,0.0,0.0,0.0,0.0,0.0,0.0,0.0,0.0,0.0,0.0,0.0,0.0,0.0,0.0,0.0,0.0,0.0,0.0,0.0,0.0,0.0,0.0,0.0,0.0,100,500,2000,0.0,3.0,20,120,5,60,1,4,0.45,0.35,0.2
MNR_002#out1#mnr_input0006,119,56,0.0,0.0,0.0,64,0,0,0.0,0.0,0.0,0.0,0.0,0.0,0.0,0.0,0.0,0.0,0.0,0.0,0.0,0.0,0.0,0.0,0.0,0.0,0.0,0.0,0.0,0.0,0.0,0.0,0.0,0.0,0.0,0.0,0.0,0.0,0.0,0.0,0.0,0.0,0.0,0.0,0.0,0.0,0.0,100,500,2000,0.0,3.0,20,120,5,60,1,4,0.45,0.35,0.2
MNR_002#out1#mnr_input0006,108,57,0.33,1.28,1.13,64,0,0,0.27,1.22,1.09,7.0,1.23,7.0,0.37,0.24,2.0,0.0,0.37,3.0,0.0,0.35,0.38,1.39,0.02,0.89,1.0,0.32,0.89,0.42,0.0,0.0,0.0,0.0,0.0,0.0,0.0,0.0,0.0,0.0,0.0,0.0,0.0,0.0,0.0,0.0,0.0,100,500,2000,0.0,3.0,20,120,5,60,1,4,0.45,0.35,0.2
MNR_002#out1#mnr_input0006,109,57,0.09,0.25,0.24,64,0,0,0.13,0.53,0.45,2.08,0.47,2.08,0.15,0.07,1.08,0.0,0.15,1.0,0.0,0.55,0.09,0.18,0.0,0.21,0.55,0.17,0.21,0.42,0.0,0.0,0.0,0.0,0.0,0.0,0.0,0.0,0.0,0.0,0.0,0.0,0.0,0.0,0.0,0.0,0.0,100,500,2000,0.0,3.0,20,120,5,60,1,4,0.45,0.35,0.2
MNR_002#out1#mnr_input0006,110,57,0.1,0.67,0.67,64,0,0,0.04,0.33,0.14,1.0,0.36,2.0,0.12,0.12,1.0,0.0,0.01,0.5,0.0,0.88,0.16,0.17,0.1,0.01,0.07,0.0,0.16,0.06,0.0,0.0,0.0,0.0,0.0,0.0,0.0,0.0,0.0,0.0,0.0,0.0,0.0,0.0,0.0,0.0,0.0,100,500,2000,0.0,3.0,20,120,5,60,1,4,0.45,0.35,0.2
MNR_002#out1#mnr_input0006,111,57,0.11,0.67,0.67,64,0,0,0.05,0.44,0.16,2.0,0.38,2.0,0.12,0.12,1.0,0.0,0.0,0.0,0.0,1.0,0.17,0.17,0.17,0.0,0.0,0.0,0.17,0.0,0.0,0.0,0.0,0.0,0.0,0.0,0.0,0.0,0.0,0.0,0.0,0.0,0.0,0.0,0.0,0.0,0.0,100,500,2000,0.0,3.0,20,120,5,60,1,4,0.45,0.35,0.2
MNR_002#out1#mnr_input0006,112,57,0.06,0.54,0.32,64,0,0,0.08,0.33,0.23,1.0,0.27,2.0,0.14,0.0,0.0,0.0,0.14,1.0,0.0,1.0,0.0,0.0,0.0,0.17,0.17,0.17,0.17,0.0,0.0,0.0,0.0,0.0,0.0,0.0,0.0,0.0,0.0,0.0,0.0,0.0,0.0,0.0,0.0,0.0,0.0,100,500,2000,0.0,3.0,20,120,5,60,1,4,0.45,0.35,0.2
MNR_002#out1#mnr_input0006,113,57,0.01,0.16,0.08,64,0,0,0.01,0.37,0.04,1.43,0.05,1.44,0.01,0.01,0.72,0.0,0.01,0.72,0.0,0.0,0.01,0.12,0.0,0.01,0.12,0.0,0.01,1.0,0.0,0.0,0.0,0.0,0.0,0.0,0.0,0.0,0.0,0.0,0.0,0.0,0.0,0.0,0.0,0.0,0.0,100,500,2000,0.0,3.0,20,120,5,60,1,4,0.45,0.35,0.2
MNR_002#out1#mnr_input0006,114,57,0.07,0.53,0.46,64,0,0,0.08,0.9,0.29,3.38,0.37,3.38,0.11,0.11,1.44,0.0,0.06,1.37,0.0,0.47,0.15,0.38,0.0,0.12,0.78,0.0,0.15,0.82,0.0,0.0,0.0,0.0,0.0,0.0,0.0,0.0,0.0,0.0,0.0,0.0,0.0,0.0,0.0,0.0,0.0,100,500,2000,0.0,3.0,20,120,5,60,1,4,0.45,0.35,0.2
MNR_002#out1#mnr_input0006,116,57,0.13,0.67,0.64,64,0,0,0.11,0.56,0.36,2.0,0.55,2.0,0.12,0.12,1.0,0.0,0.11,1.0,0.0,0.11,0.17,0.17,0.17,0.12,0.17,0.0,0.17,0.75,0.0,0.0,0.0,0.0,0.0,0.0,0.0,0.0,0.0,0.0,0.0,0.0,0.0,0.0,0.0,0.0,0.0,100,500,2000,0.0,3.0,20,120,5,60,1,4,0.45,0.35,0.2
MNR_002#out1#mnr_input0006,117,57,0.05,0.25,0.23,64,0,0,0.08,0.44,0.27,2.43,0.27,2.43,0.11,0.11,1.0,0.0,0.02,1.0,0.0,0.86,0.15,0.17,0.0,0.02,0.17,0.0,0.15,0.14,0.0,0.0,0.0,0.0,0.0,0.0,0.0,0.0,0.0,0.0,0.0,0.0,0.0,0.0,0.0,0.0,0.0,100,500,2000,0.0,3.0,20,120,5,60,1,4,0.45,0.35,0.2
MNR_002#out1#mnr_input0006,118,57,0.1,0.5,0.43,64,0,0,0.13,0.79,0.45,2.85,0.46,2.85,0.14,0.09,1.43,0.0,0.14,1.43,0.0,0.36,0.1,0.24,0.0,0.21,0.48,0.17,0.21,0.48,0.0,0.0,0.0,0.0,0.0,0.0,0.0,0.0,0.0,0.0,0.0,0.0,0.0,0.0,0.0,0.0,0.0,100,500,2000,0.0,3.0,20,120,5,60,1,4,0.45,0.35,0.2
MNR_002#out1#mnr_input0006,119,57,0.04,0.25,0.23,64,0,0,0.06,0.44,0.22,2.0,0.23,2.0,0.1,0.1,1.0,0.0,0.02,1.0,0.0,0.77,0.13,0.17,0.1,0.02,0.14,0.0,0.13,0.14,0.0,0.0,0.0,0.0,0.0,0.0,0.0,0.0,0.0,0.0,0.0,0.0,0.0,0.0,0.0,0.0,0.0,100,500,2000,0.0,3.0,20,120,5,60,1,4,0.45,0.35,0.2
MNR_002#out1#mnr_input0006,112,58,0.67,5.43,3.91,64,0,0,0.34,1.89,1.06,5.0,1.71,10.0,0.59,0.27,2.43,0.0,0.59,4.0,0.0,0.55,0.51,2.74,0.0,0.82,3.17,0.02,0.82,0.62,0.0,0.0,0.0,0.0,0.0,0.0,0.0,0.0,0.0,0.0,0.0,0.0,0.0,0.0,0.0,0.0,0.0,100,500,2000,0.0,3.0,20,120,5,60,1,4,0.45,0.35,0.2
MNR_002#out1#mnr_input0006,113,58,0.06,0.4,0.33,64,0,0,0.08,1.0,0.3,4.22,0.38,4.22,0.11,0.06,1.14,0.0,0.11,1.43,0.0,0.43,0.13,1.02,0.0,0.13,0.24,0.0,0.13,0.98,0.0,0.0,0.0,0.0,0.0,0.0,0.0,0.0,0.0,0.0,0.0,0.0,0.0,0.0,0.0,0.0,0.0,100,500,2000,0.0,3.0,20,120,5,60,1,4,0.45,0.35,0.2
MNR_002#out1#mnr_input0006,114,58,0.37,1.01,0.91,64,0,0,0.38,1.16,1.35,3.66,1.93,4.52,0.51,0.51,1.86,0.0,0.45,2.37,0.0,0.12,0.89,1.27,0.36,0.8,1.36,0.26,0.89,0.9,0.0,0.0,0.0,0.0,0.0,0.0,0.0,0.0,0.0,0.0,0.0,0.0,0.0,0.0,0.0,0.0,0.0,100,500,2000,0.0,3.0,20,120,5,60,1,4,0.45,0.35,0.2
MNR_002#out1#mnr_input0006,120,58,0.07,0.71,0.39,64,0,0,0.08,0.59,0.27,2.43,0.31,2.43,0.17,0.02,1.0,0.0,0.17,1.28,0.0,0.91,0.0,0.0,0.0,0.17,0.17,0.17,0.17,0.0,0.0,0.0,0.0,0.0,0.0,0.0,0.0,0.0,0.0,0.0,0.0,0.0,0.0,0.0,0.0,0.0,0.0,100,500,2000,0.0,3.0,20,120,5,60,1,4,0.45,0.35,0.2
MNR_002#out1#mnr_input0006,120,59,0.25,3.86,2.26,64,0,0,0.08,1.06,0.26,3.14,0.64,7.29,0.23,0.15,2.0,0.0,0.23,3.0,0.0,0.38,0.23,1.14,0.0,0.15,0.36,0.0,0.23,0.68,0.0,0.0,0.0,0.0,0.0,0.0,0.0,0.0,0.0,0.0,0.0,0.0,0.0,0.0,0.0,0.0,0.0,100,500,2000,0.0,3.0,20,120,5,60,1,4,0.45,0.35,0.2
MNR_002#out1#mnr_input0006,120,60,0.83,8.25,6.08,64,0,0,0.51,1.24,1.78,4.14,2.43,8.93,1.11,0.22,1.86,0.0,1.11,5.22,0.0,0.8,0.27,0.64,0.0,1.81,2.17,0.17,1.81,0.15,0.0,0.0,0.0,0.0,0.0,0.0,0.0,0.0,0.0,0.0,0.0,0.0,0.0,0.0,0.0,0.0,0.0,100,500,2000,0.0,3.0,20,120,5,60,1,4,0.45,0.35,0.2
MNR_002#out1#mnr_input0006,120,61,0.29,1.9,1.55,64,0,0,0.15,0.84,0.57,3.72,0.9,4.94,0.28,0.28,2.22,0.0,0.19,1.93,0.0,0.32,0.27,0.69,0.1,0.17,1.09,0.0,0.27,0.65,0.0,0.0,0.0,0.0,0.0,0.0,0.0,0.0,0.0,0.0,0.0,0.0,0.0,0.0,0.0,0.0,0.0,100,500,2000,0.0,3.0,20,120,5,60,1,4,0.45,0.35,0.2
MNR_002#out1#mnr_input0006,77,69,0.33,0.69,0.66,64,0,0,0.32,1.33,1.45,6.0,1.7,6.0,0.42,0.42,2.0,0.0,0.41,2.0,0.0,0.04,0.77,1.33,0.17,0.73,1.5,0.17,0.77,0.95,0.0,0.0,0.0,0.0,0.0,0.0,0.0,0.0,0.0,0.0,0.0,0.0,0.0,0.0,0.0,0.0,0.0,100,500,2000,0.0,3.0,20,120,5,60,1,4,0.45,0.35,0.2
MNR_002#out1#mnr_input0006,78,69,0.07,0.62,0.43,64,0,0,0.08,0.56,0.25,2.0,0.31,3.0,0.11,0.02,1.0,0.0,0.11,1.0,0.0,0.86,0.04,0.33,0.0,0.04,0.17,0.0,0.04,1.0,0.0,0.0,0.0,0.0,0.0,0.0,0.0,0.0,0.0,0.0,0.0,0.0,0.0,0.0,0.0,0.0,0.0,100,500,2000,0.0,3.0,20,120,5,60,1,4,0.45,0.35,0.2
MNR_002#out1#mnr_input0006,79,69,0.05,0.22,0.22,64,0,0,0.08,0.33,0.25,1.0,0.25,1.0,0.12,0.0,0.0,0.0,0.12,1.0,0.0,1.0,0.0,0.0,0.0,0.0,0.0,0.0,0.0,0.0,0.0,0.0,0.0,0.0,0.0,0.0,0.0,0.0,0.0,0.0,0.0,0.0,0.0,0.0,0.0,0.0,0.0,100,500,2000,0.0,3.0,20,120,5,60,1,4,0.45,0.35,0.2
MNR_002#out1#mnr_input0006,80,69,0.03,0.25,0.23,64,0,0,0.05,0.44,0.14,2.0,0.14,2.0,0.12,0.02,1.0,0.0,0.12,1.0,0.0,0.88,0.0,0.0,0.0,0.0,0.0,0.0,0.0,0.0,0.0,0.0,0.0,0.0,0.0,0.0,0.0,0.0,0.0,0.0,0.0,0.0,0.0,0.0,0.0,0.0,0.0,100,500,2000,0.0,3.0,20,120,5,60,1,4,0.45,0.35,0.2
MNR_002#out1#mnr_input0006,77,70,0.15,0.77,0.58,64,0,0,0.18,0.56,0.66,2.0,0.72,2.0,0.27,0.27,2.0,0.0,0.14,1.0,0.0,0.47,0.33,0.5,0.17,0.13,0.67,0.0,0.33,0.38,0.0,0.0,0.0,0.0,0.0,0.0,0.0,0.0,0.0,0.0,0.0,0.0,0.0,0.0,0.0,0.0,0.0,100,500,2000,0.0,3.0,20,120,5,60,1,4,0.45,0.35,0.2
MNR_002#out1#mnr_input0006,78,70,0.1,0.47,0.36,64,0,0,0.13,0.56,0.39,2.0,0.42,2.0,0.14,0.14,1.0,0.0,0.03,1.0,0.0,0.78,0.17,0.17,0.17,0.0,0.0,0.0,0.17,0.0,0.0,0.0,0.0,0.0,0.0,0.0,0.0,0.0,0.0,0.0,0.0,0.0,0.0,0.0,0.0,0.0,0.0,100,500,2000,0.0,3.0,20,120,5,60,1,4,0.45,0.35,0.2
MNR_002#out1#mnr_input0006,79,70,0.1,0.44,0.3,64,0,0,0.14,0.56,0.48,2.0,0.48,2.0,0.12,0.11,1.0,0.0,0.12,1.0,0.0,0.12,0.15,0.17,0.0,0.02,0.17,0.0,0.15,0.14,0.0,0.0,0.0,0.0,0.0,0.0,0.0,0.0,0.0,0.0,0.0,0.0,0.0,0.0,0.0,0.0,0.0,100,500,2000,0.0,3.0,20,120,5,60,1,4,0.45,0.35,0.2
MNR_002#out1#mnr_input0006,80,70,0.03,0.22,0.22,64,0,0,0.04,0.33,0.11,1.0,0.11,1.0,0.11,0.0,0.0,0.0,0.11,1.0,0.0,1.0,0.0,0.0,0.0,0.0,0.0,0.0,0.0,0.0,0.0,0.0,0.0,0.0,0.0,0.0,0.0,0.0,0.0,0.0,0.0,0.0,0.0,0.0,0.0,0.0,0.0,100,500,2000,0.0,3.0,20,120,5,60,1,4,0.45,0.35,0.2
MNR_002#out1#mnr_input0006,77,71,0.11,0.25,0.23,64,0,0,0.16,0.44,0.52,2.0,0.52,2.0,0.25,0.25,1.0,0.0,0.02,1.0,0.0,0.94,0.31,0.33,0.17,0.02,0.17,0.0,0.31,0.07,0.0,0.0,0.0,0.0,0.0,0.0,0.0,0.0,0.0,0.0,0.0,0.0,0.0,0.0,0.0,0.0,0.0,100,500,2000,0.0,3.0,20,120,5,60,1,4,0.45,0.35,0.2
MNR_002#out1#mnr_input0006,78,71,0.11,0.25,0.23,64,0,0,0.16,0.44,0.52,2.0,0.52,2.0,0.25,0.25,1.0,0.0,0.02,1.0,0.0,0.94,0.31,0.33,0.17,0.02,0.17,0.0,0.31,0.07,0.0,0.0,0.0,0.0,0.0,0.0,0.0,0.0,0.0,0.0,0.0,0.0,0.0,0.0,0.0,0.0,0.0,100,500,2000,0.0,3.0,20,120,5,60,1,4,0.45,0.35,0.2
MNR_002#out1#mnr_input0006,79,71,0.06,0.22,0.22,64,0,0,0.09,0.33,0.27,1.0,0.27,1.0,0.14,0.14,1.0,0.0,0.0,0.0,0.0,1.0,0.17,0.17,0.17,0.0,0.0,0.0,0.17,0.0,0.0,0.0,0.0,0.0,0.0,0.0,0.0,0.0,0.0,0.0,0.0,0.0,0.0,0.0,0.0,0.0,0.0,100,500,2000,0.0,3.0,20,120,5,60,1,4,0.45,0.35,0.2
MNR_002#out1#mnr_input0006,80,71,0.06,0.22,0.22,64,0,0,0.08,0.33,0.25,1.0,0.25,1.0,0.12,0.12,1.0,0.0,0.0,0.0,0.0,1.0,0.17,0.17,0.17,0.0,0.0,0.0,0.17,0.0,0.0,0.0,0.0,0.0,0.0,0.0,0.0,0.0,0.0,0.0,0.0,0.0,0.0,0.0,0.0,0.0,0.0,100,500,2000,0.0,3.0,20,120,5,60,1,4,0.45,0.35,0.2
MNR_002#out1#mnr_input0006,21,92,44.1,110.77,102.03,62,0,0,2.92,8.67,9.56,30.0,21.9,42.86,5.62,5.42,14.0,0.0,5.62,20.0,0.0,0.04,4.42,5.33,3.0,6.54,9.0,5.17,6.54,0.68,0.14,0.04,0.06,0.03,0.45,0.07,0.0,0.03,0.04,0.0,0.04,0.14,0.01,0.06,0.06,0.03,0.12,100,500,2000,0.0,3.0,20,120,5,60,1,4,0.45,0.35,0.2
MNR_002#out1#mnr_input0006,22,92,98.62,262.56,222.84,39,0,0,4.96,18.16,18.4,70.0,36.7,70.0,9.1,9.1,24.0,0.0,8.99,27.5,0.0,0.01,9.25,20.1,6.36,10.4,13.88,3.93,10.4,0.89,0.28,0.15,0.18,0.13,0.74,0.28,0.06,0.13,0.15,0.08,0.17,0.26,0.04,0.18,0.16,0.1,0.33,100,500,2000,0.0,3.0,20,120,5,60,1,4,0.45,0.35,0.2
MNR_002#out1#mnr_input0006,23,92,254.61,1006.99,788.53,20,9,0,7.17,25.75,25.2,93.57,54.76,134.0,14.07,14.07,44.0,0.29,12.74,45.0,0.0,0.09,13.9,23.02,8.71,12.18,20.86,6.31,13.9,0.88,0.52,0.27,0.28,0.26,0.92,0.51,0.09,0.28,0.41,0.16,0.21,0.52,0.09,0.26,0.4,0.13,0.17,100,500,2000,0.0,3.0,20,120,5,60,1,4,0.45,0.35,0.2
MNR_002#out1#mnr_input0006,21,93,60.11,159.6,134.54,56,0,0,4.46,16.29,17.49,63.86,29.43,63.86,8.98,5.54,16.0,0.0,8.98,24.0,0.0,0.38,4.28,6.49,1.96,13.49,18.33,8.0,13.49,0.32,0.3,0.13,0.21,0.05,0.23,0.1,0.0,0.05,0.06,0.01,0.08,0.3,0.08,0.21,0.17,0.15,0.42,100,500,2000,0.0,3.0,20,120,5,60,1,4,0.45,0.35,0.2
MNR_002#out1#mnr_input0006,22,93,88.62,318.87,272.33,43,0,0,4.07,17.08,15.16,74.57,31.02,75.0,8.65,6.74,27.0,0.0,8.65,30.0,0.0,0.22,5.08,10.75,2.56,10.35,14.76,4.95,10.35,0.49,0.28,0.1,0.14,0.05,0.35,0.19,0.0,0.05,0.1,0.02,0.0,0.28,0.0,0.14,0.13,0.1,0.25,100,500,2000,0.0,3.0,20,120,5,60,1,4,0.45,0.35,0.2
MNR_002#out1#mnr_input0006,23,93,103.04,332.24,250.03,34,0,0,5.04,17.45,20.27,63.0,37.32,82.79,9.65,9.65,25.0,0.0,9.16,28.43,0.0,0.05,8.12,12.42,4.15,12.6,17.57,7.59,12.6,0.64,0.28,0.17,0.19,0.14,0.7,0.28,0.05,0.14,0.16,0.06,0.21,0.28,0.1,0.19,0.16,0.14,0.38,100,500,2000,0.0,3.0,20,120,5,60,1,4,0.45,0.35,0.2
MNR_002#out1#mnr_input0006,46,94,6.18,18.91,16.73,64,0,0,1.75,6.56,6.36,24.0,9.57,24.0,2.79,2.0,6.0,0.0,2.79,10.0,0.0,0.28,1.65,2.83,0.83,4.98,11.5,1.83,4.98,0.33,0.24,0.05,0.08,0.01,0.1,0.07,0.0,0.01,0.0,0.0,0.04,0.24,0.0,0.08,0.0,0.02,0.38,100,500,2000,0.0,3.0,20,120,5,60,1,4,0.45,0.35,0.2
MNR_002#out1#mnr_input0006,47,94,4.72,20.64,14.64,64,0,0,1.75,6.47,6.53,29.07,8.6,29.07,2.82,1.42,7.0,0.0,2.82,9.43,0.0,0.5,1.48,3.17,0.33,5.06,8.9,1.9,5.06,0.29,0.22,0.05,0.1,0.0,0.0,0.0,0.0,0.0,0.0,0.0,0.0,0.22,0.0,0.1,0.0,0.02,0.46,100,500,2000,0.0,3.0,20,120,5,60,1,4,0.45,0.35,0.2
MNR_002#out1#mnr_input0006,48,94,6.3,18.47,16.63,64,0,0,1.5,6.97,5.97,28.5,9.13,28.5,2.75,1.79,7.0,0.0,2.75,14.5,0.0,0.35,2.45,5.74,1.0,4.43,7.02,2.5,4.43,0.55,0.14,0.04,0.05,0.03,0.74,0.14,0.0,0.03,0.0,0.0,0.17,0.14,0.0,0.05,0.0,0.01,0.21,100,500,2000,0.0,3.0,20,120,5,60,1,4,0.45,0.35,0.2
MNR_002#out1#mnr_input0006,49,94,6.05,19.23,15.73,64,0,0,2.04,6.14,7.03,22.0,9.93,22.0,3.3,1.69,6.0,0.0,3.3,9.0,0.0,0.49,2.28,4.17,1.0,6.5,7.93,4.1,6.5,0.35,0.22,0.08,0.14,0.03,0.17,0.13,0.0,0.03,0.0,0.0,0.12,0.22,0.07,0.14,0.0,0.03,0.67,100,500,2000,0.0,3.0,20,120,5,60,1,4,0.45,0.35,0.2
MNR_002#out1#mnr_input0006,50,94,3.43,8.36,7.68,64,0,0,0.79,2.81,2.78,9.43,5.88,11.0,1.61,1.61,5.43,0.0,1.51,4.86,0.0,0.06,1.41,2.33,0.64,1.34,2.09,0.33,1.41,0.95,0.0,0.0,0.0,0.0,0.0,0.0,0.0,0.0,0.0,0.0,0.0,0.0,0.0,0.0,0.0,0.0,0.0,100,500,2000,0.0,3.0,20,120,5,60,1,4,0.45,0.35,0.2
MNR_002#out1#mnr_input0006,46,95,6.56,16.77,14.84,64,0,0,1.93,7.11,7.14,25.0,10.42,25.0,3.15,2.01,6.0,0.0,3.15,10.0,0.0,0.36,1.97,3.18,0.7,6.5,13.5,2.0,6.5,0.3,0.25,0.07,0.13,0.01,0.06,0.07,0.0,0.01,0.0,0.0,0.04,0.25,0.0,0.13,0.0,0.04,0.58,100,500,2000,0.0,3.0,20,120,5,60,1,4,0.45,0.35,0.2
MNR_002#out1#mnr_input0006,47,95,3.37,21.37,10.83,64,0,0,0.8,3.69,2.78,10.07,5.73,14.92,1.64,1.64,4.0,0.0,1.19,4.0,0.0,0.27,1.23,2.13,0.87,1.69,2.24,0.67,1.69,0.73,0.0,0.0,0.0,0.0,0.0,0.0,0.0,0.0,0.0,0.0,0.0,0.0,0.0,0.0,0.0,0.0,0.0,100,500,2000,0.0,3.0,20,120,5,60,1,4,0.45,0.35,0.2
MNR_002#out1#mnr_input0006,48,95,4.85,18.18,12.2,64,0,0,1.57,4.59,5.49,17.28,8.42,17.5,2.45,1.82,5.0,0.0,2.45,9.5,0.0,0.26,1.69,2.62,1.28,4.65,8.98,1.24,4.65,0.36,0.23,0.03,0.05,0.0,0.0,0.0,0.0,0.0,0.0,0.0,0.0,0.23,0.0,0.05,0.0,0.01,0.25,100,500,2000,0.0,3.0,20,120,5,60,1,4,0.45,0.35,0.2
MNR_002#out1#mnr_input0006,49,95,1.91,7.78,6.14,64,0,0,0.95,3.48,3.27,14.72,4.91,14.72,1.71,0.92,4.0,0.0,1.71,6.0,0.0,0.46,0.88,1.26,0.26,2.74,4.67,1.43,2.74,0.32,0.0,0.0,0.0,0.0,0.0,0.0,0.0,0.0,0.0,0.0,0.0,0.0,0.0,0.0,0.0,0.0,0.0,100,500,2000,0.0,3.0,20,120,5,60,1,4,0.45,0.35,0.2
MNR_002#out1#mnr_input0006,50,95,1.56,5.6,4.7,64,0,0,0.44,1.34,1.71,5.35,3.33,6.78,0.94,0.94,3.0,0.0,0.59,3.0,0.0,0.37,1.37,1.82,0.89,0.97,1.95,0.55,1.37,0.71,0.0,0.0,0.0,0.0,0.0,0.0,0.0,0.0,0.0,0.0,0.0,0.0,0.0,0.0,0.0,0.0,0.0,100,500,2000,0.0,3.0,20,120,5,60,1,4,0.45,0.35,0.2
MNR_002#out1#mnr_input0006,46,96,5.13,16.06,13.17,64,0,0,0.65,2.81,2.19,9.86,6.98,14.28,2.05,2.05,5.86,0.0,1.53,4.0,0.0,0.25,1.27,1.76,0.93,1.13,2.33,0.74,1.27,0.89,0.0,0.0,0.0,0.0,0.0,0.0,0.0,0.0,0.0,0.0,0.0,0.0,0.0,0.0,0.0,0.0,0.0,100,500,2000,0.0,3.0,20,120,5,60,1,4,0.45,0.35,0.2
MNR_002#out1#mnr_input0006,47,96,4.85,16.68,15.05,64,0,0,1.01,2.56,3.38,9.57,6.58,12.43,2.31,2.31,6.0,0.0,0.86,3.0,0.0,0.63,2.99,3.68,2.1,1.27,1.8,0.83,2.99,0.42,0.07,0.0,0.01,0.0,0.0,0.07,0.0,0.01,0.0,0.0,0.04,0.0,0.0,0.0,0.0,0.0,0.0,100,500,2000,0.0,3.0,20,120,5,60,1,4,0.45,0.35,0.2
MNR_002#out1#mnr_input0006,48,96,2.82,6.3,5.94,64,0,0,0.81,2.4,2.63,8.14,5.54,10.14,1.45,1.37,3.5,0.0,1.45,4.86,0.0,0.05,1.29,1.83,0.67,1.44,2.5,0.67,1.44,0.9,0.0,0.0,0.0,0.0,0.0,0.0,0.0,0.0,0.0,0.0,0.0,0.0,0.0,0.0,0.0,0.0,0.0,100,500,2000,0.0,3.0,20,120,5,60,1,4,0.45,0.35,0.2
MNR_002#out1#mnr_input0006,49,96,4.05,13.36,11.66,64,0,0,1.12,2.78,3.81,8.5,6.75,13.0,1.73,1.59,6.0,0.0,1.73,5.0,0.0,0.08,2.04,2.33,1.5,2.1,2.67,1.17,2.1,0.97,0.07,0.0,0.01,0.0,0.0,0.0,0.0,0.0,0.0,0.0,0.0,0.07,0.0,0.01,0.0,0.0,0.04,100,500,2000,0.0,3.0,20,120,5,60,1,4,0.45,0.35,0.2
MNR_002#out1#mnr_input0006,50,96,4.24,8.99,8.38,64,0,0,1.16,3.36,3.77,12.43,7.38,12.43,1.85,1.85,4.43,0.0,1.8,5.0,0.0,0.03,2.82,3.67,1.86,2.0,2.55,1.67,2.82,0.71,0.13,0.02,0.04,0.0,0.0,0.13,0.0,0.04,0.0,0.0,0.21,0.0,0.0,0.0,0.0,0.0,0.0,100,500,2000,0.0,3.0,20,120,5,60,1,4,0.45,0.35,0.2
MNR_002#out1#mnr_input0006,46,97,2.83,9.3,7.17,64,0,0,0.69,2.03,2.53,7.57,5.36,9.0,1.5,1.5,4.43,0.0,1.26,4.0,0.0,0.16,1.28,1.72,0.78,1.32,1.92,0.75,1.32,0.97,0.0,0.0,0.0,0.0,0.0,0.0,0.0,0.0,0.0,0.0,0.0,0.0,0.0,0.0,0.0,0.0,0.0,100,500,2000,0.0,3.0,20,120,5,60,1,4,0.45,0.35,0.2
MNR_002#out1#mnr_input0006,47,97,2.93,8.37,7.5,64,0,0,0.81,2.91,3.02,11.0,5.73,11.0,1.52,1.52,5.0,0.0,1.24,4.0,0.0,0.18,2.32,2.82,1.42,1.35,2.33,0.67,2.32,0.58,0.0,0.0,0.0,0.0,0.0,0.0,0.0,0.0,0.0,0.0,0.0,0.0,0.0,0.0,0.0,0.0,0.0,100,500,2000,0.0,3.0,20,120,5,60,1,4,0.45,0.35,0.2
MNR_002#out1#mnr_input0006,48,97,3.87,10.67,9.17,64,0,0,1.05,4.11,3.94,16.28,7.01,16.28,2.0,2.0,7.0,0.0,1.52,6.86,0.0,0.24,2.63,4.99,0.82,1.23,2.17,0.48,2.63,0.47,0.13,0.02,0.03,0.0,0.0,0.13,0.0,0.03,0.0,0.0,0.17,0.0,0.0,0.0,0.0,0.0,0.0,100,500,2000,0.0,3.0,20,120,5,60,1,4,0.45,0.35,0.2
MNR_002#out1#mnr_input0006,49,97,3.62,11.51,8.74,64,0,0,0.94,2.67,3.34,11.01,6.4,11.57,1.77,1.55,4.0,0.0,1.77,5.0,0.0,0.12,1.2,1.68,0.99,2.55,4.02,0.69,2.55,0.47,0.13,0.01,0.03,0.0,0.0,0.0,0.0,0.0,0.0,0.0,0.0,0.13,0.0,0.03,0.0,0.0,0.12,100,500,2000,0.0,3.0,20,120,5,60,1,4,0.45,0.35,0.2
MNR_002#out1#mnr_input0006,50,97,6.01,17.06,15.25,64,0,0,2.0,5.05,6.26,17.14,9.25,19.0,2.96,1.54,5.0,0.0,2.96,7.14,0.0,0.48,1.36,2.25,0.75,6.87,8.38,4.81,6.87,0.2,0.22,0.04,0.09,0.0,0.0,0.0,0.0,0.0,0.0,0.0,0.0,0.22,0.01,0.09,0.0,0.03,0.38,100,500,2000,0.0,3.0,20,120,5,60,1,4,0.45,0.35,0.2
MNR_002#out1#mnr_input0006,98,115,0.23,0.54,0.42,64,0,0,0.32,0.56,1.08,3.0,1.14,3.0,0.47,0.47,1.0,0.0,0.09,1.0,0.0,0.8,0.87,1.0,0.67,0.21,1.33,0.0,0.87,0.24,0.0,0.0,0.0,0.0,0.0,0.0,0.0,0.0,0.0,0.0,0.0,0.0,0.0,0.0,0.0,0.0,0.0,100,500,2000,0.0,3.0,20,120,5,60,1,4,0.45,0.35,0.2
MNR_002#out1#mnr_input0006,99,115,0.19,0.54,0.42,64,0,0,0.25,0.72,0.9,3.0,1.06,3.0,0.37,0.37,1.0,0.0,0.13,1.0,0.0,0.64,0.72,0.83,0.5,0.26,1.42,0.0,0.72,0.36,0.0,0.0,0.0,0.0,0.0,0.0,0.0,0.0,0.0,0.0,0.0,0.0,0.0,0.0,0.0,0.0,0.0,100,500,2000,0.0,3.0,20,120,5,60,1,4,0.45,0.35,0.2
MNR_002#out1#mnr_input0006,100,115,0.12,0.62,0.42,64,0,0,0.15,0.56,0.52,2.0,0.57,3.0,0.16,0.16,1.0,0.0,0.1,1.0,0.0,0.35,0.21,0.33,0.17,0.04,0.33,0.0,0.21,0.2,0.0,0.0,0.0,0.0,0.0,0.0,0.0,0.0,0.0,0.0,0.0,0.0,0.0,0.0,0.0,0.0,0.0,100,500,2000,0.0,3.0,20,120,5,60,1,4,0.45,0.35,0.2
MNR_002#out1#mnr_input0006,101,115,0.18,0.67,0.67,64,0,0,0.14,0.56,0.47,2.0,0.72,2.14,0.25,0.25,1.0,0.0,0.11,1.0,0.0,0.56,0.17,0.17,0.17,0.12,0.17,0.0,0.17,0.75,0.0,0.0,0.0,0.0,0.0,0.0,0.0,0.0,0.0,0.0,0.0,0.0,0.0,0.0,0.0,0.0,0.0,100,500,2000,0.0,3.0,20,120,5,60,1,4,0.45,0.35,0.2
MNR_002#out1#mnr_input0006,98,116,0.07,0.25,0.24,64,0,0,0.11,0.44,0.36,2.0,0.36,2.0,0.12,0.12,1.0,0.0,0.02,1.0,0.0,0.88,0.15,0.17,0.0,0.02,0.17,0.0,0.15,0.14,0.0,0.0,0.0,0.0,0.0,0.0,0.0,0.0,0.0,0.0,0.0,0.0,0.0,0.0,0.0,0.0,0.0,100,500,2000,0.0,3.0,20,120,5,60,1,4,0.45,0.35,0.2
MNR_002#out1#mnr_input0006,99,116,0.19,0.54,0.42,64,0,0,0.27,0.56,0.96,3.0,1.02,3.0,0.38,0.38,1.0,0.0,0.14,1.0,0.0,0.62,0.75,0.83,0.5,0.17,1.33,0.0,0.75,0.22,0.0,0.0,0.0,0.0,0.0,0.0,0.0,0.0,0.0,0.0,0.0,0.0,0.0,0.0,0.0,0.0,0.0,100,500,2000,0.0,3.0,20,120,5,60,1,4,0.45,0.35,0.2
MNR_002#out1#mnr_input0006,100,116,0.21,1.06,1.05,64,0,0,0.13,0.67,0.45,2.5,0.66,3.5,0.28,0.28,1.5,0.0,0.09,1.0,0.0,0.69,0.23,0.25,0.08,0.02,0.17,0.0,0.23,0.09,0.0,0.0,0.0,0.0,0.0,0.0,0.0,0.0,0.0,0.0,0.0,0.0,0.0,0.0,0.0,0.0,0.0,100,500,2000,0.0,3.0,20,120,5,60,1,4,0.45,0.35,0.2
MNR_002#out1#mnr_input0006,101,116,0.22,1.06,1.06,64,0,0,0.14,0.72,0.45,2.5,0.74,2.5,0.3,0.3,1.5,0.0,0.16,1.0,0.0,0.46,0.24,0.25,0.17,0.07,0.08,0.0,0.24,0.31,0.0,0.0,0.0,0.0,0.0,0.0,0.0,0.0,0.0,0.0,0.0,0.0,0.0,0.0,0.0,0.0,0.0,100,500,2000,0.0,3.0,20,120,5,60,1,4,0.45,0.35,0.2
MNR_002#out1#mnr_input0006,48,117,4.94,12.44,11.2,64,0,0,1.66,4.94,5.76,18.21,8.83,18.21,2.58,1.8,6.0,0.0,2.58,7.0,0.0,0.3,1.84,2.48,1.17,5.86,8.32,1.79,5.86,0.31,0.15,0.04,0.08,0.0,0.0,0.0,0.0,0.0,0.0,0.0,0.0,0.15,0.0,0.08,0.0,0.03,0.33,100,500,2000,0.0,3.0,20,120,5,60,1,4,0.45,0.35,0.2
MNR_002#out1#mnr_input0006,49,117,7.88,22.15,19.15,64,0,0,1.47,5.53,4.87,20.0,9.51,20.0,2.82,1.96,6.0,0.0,2.82,8.0,0.0,0.31,2.26,2.71,1.62,3.47,4.76,2.6,3.47,0.65,0.07,0.01,0.02,0.01,0.5,0.07,0.0,0.01,0.0,0.0,0.04,0.07,0.0,0.02,0.0,0.0,0.08,100,500,2000,0.0,3.0,20,120,5,60,1,4,0.45,0.35,0.2
MNR_002#out1#mnr_input0006,50,117,4.54,10.94,10.36,64,0,0,1.3,3.67,5.43,15.0,8.06,15.0,2.24,1.85,6.0,0.0,2.24,6.0,0.0,0.17,3.09,5.26,0.6,2.12,2.64,1.17,3.09,0.69,0.14,0.03,0.07,0.0,0.0,0.14,0.0,0.07,0.0,0.0,0.33,0.0,0.0,0.0,0.0,0.0,0.0,100,500,2000,0.0,3.0,20,120,5,60,1,4,0.45,0.35,0.2
MNR_002#out1#mnr_input0006,51,117,1.33,3.65,3.11,64,0,0,0.42,1.28,1.59,5.5,3.44,6.0,0.94,0.83,2.0,0.0,0.94,4.0,0.0,0.12,0.76,1.38,0.38,0.99,1.83,0.5,0.99,0.77,0.0,0.0,0.0,0.0,0.0,0.0,0.0,0.0,0.0,0.0,0.0,0.0,0.0,0.0,0.0,0.0,0.0,100,500,2000,0.0,3.0,20,120,5,60,1,4,0.45,0.35,0.2
MNR_002#out1#mnr_input0006,52,117,0.45,1.35,1.28,64,0,0,0.33,1.61,1.16,5.49,1.67,6.2,0.5,0.37,2.0,0.0,0.5,2.0,0.0,0.27,0.41,0.56,0.11,0.81,3.46,0.17,0.81,0.5,0.0,0.0,0.0,0.0,0.0,0.0,0.0,0.0,0.0,0.0,0.0,0.0,0.0,0.0,0.0,0.0,0.0,100,500,2000,0.0,3.0,20,120,5,60,1,4,0.45,0.35,0.2
MNR_002#out1#mnr_input0006,98,117,0.06,0.67,0.48,64,0,0,0.05,0.56,0.22,2.0,0.25,4.0,0.06,0.06,1.0,0.0,0.03,1.0,0.0,0.5,0.1,0.83,0.0,0.04,0.17,0.0,0.1,0.4,0.0,0.0,0.0,0.0,0.0,0.0,0.0,0.0,0.0,0.0,0.0,0.0,0.0,0.0,0.0,0.0,0.0,100,500,2000,0.0,3.0,20,120,5,60,1,4,0.45,0.35,0.2
MNR_002#out1#mnr_input0006,99,117,1.39,2.89,2.84,64,0,0,0.6,1.78,1.88,6.0,3.41,6.0,1.47,1.47,3.0,0.0,0.17,1.0,0.0,0.88,1.71,1.83,1.33,0.12,0.33,0.0,1.71,0.07,0.0,0.0,0.0,0.0,0.0,0.0,0.0,0.0,0.0,0.0,0.0,0.0,0.0,0.0,0.0,0.0,0.0,100,500,2000,0.0,3.0,20,120,5,60,1,4,0.45,0.35,0.2
MNR_002#out1#mnr_input0006,100,117,0.12,1.06,0.86,64,0,0,0.07,0.56,0.24,2.0,0.46,4.0,0.15,0.08,1.0,0.0,0.15,2.0,0.0,0.45,0.15,0.77,0.06,0.06,0.17,0.0,0.15,0.42,0.0,0.0,0.0,0.0,0.0,0.0,0.0,0.0,0.0,0.0,0.0,0.0,0.0,0.0,0.0,0.0,0.0,100,500,2000,0.0,3.0,20,120,5,60,1,4,0.45,0.35,0.2
MNR_002#out1#mnr_input0006,101,117,0.1,0.42,0.33,64,0,0,0.16,0.6,0.54,2.65,0.62,2.65,0.21,0.21,1.14,0.0,0.09,1.0,0.0,0.59,0.26,0.36,0.06,0.11,0.25,0.08,0.26,0.45,0.0,0.0,0.0,0.0,0.0,0.0,0.0,0.0,0.0,0.0,0.0,0.0,0.0,0.0,0.0,0.0,0.0,100,500,2000,0.0,3.0,20,120,5,60,1,4,0.45,0.35,0.2
MNR_002#out1#mnr_input0006,48,118,2.24,4.94,4.26,64,0,0,0.77,2.27,2.6,9.07,4.82,9.07,1.51,0.97,3.14,0.0,1.51,4.0,0.0,0.36,1.0,1.38,0.24,2.12,2.87,1.17,2.12,0.47,0.0,0.0,0.0,0.0,0.0,0.0,0.0,0.0,0.0,0.0,0.0,0.0,0.0,0.0,0.0,0.0,0.0,100,500,2000,0.0,3.0,20,120,5,60,1,4,0.45,0.35,0.2
MNR_002#out1#mnr_input0006,49,118,3.25,11.06,9.69,64,0,0,0.75,3.42,2.83,12.0,5.58,13.28,1.44,1.44,5.0,0.0,1.14,5.0,0.0,0.21,1.51,2.31,0.81,1.29,2.07,0.29,1.51,0.85,0.0,0.0,0.0,0.0,0.0,0.0,0.0,0.0,0.0,0.0,0.0,0.0,0.0,0.0,0.0,0.0,0.0,100,500,2000,0.0,3.0,20,120,5,60,1,4,0.45,0.35,0.2
MNR_002#out1#mnr_input0006,50,118,3.41,11.01,8.74,64,0,0,0.77,2.56,2.7,11.14,6.1,11.14,1.74,1.35,6.5,0.0,1.74,6.0,0.0,0.22,1.18,1.83,0.5,1.25,1.71,0.5,1.25,0.95,0.0,0.0,0.0,0.0,0.0,0.0,0.0,0.0,0.0,0.0,0.0,0.0,0.0,0.0,0.0,0.0,0.0,100,500,2000,0.0,3.0,20,120,5,60,1,4,0.45,0.35,0.2
MNR_002#out1#mnr_input0006,51,118,1.31,4.29,3.3,64,0,0,0.43,1.52,1.76,7.57,3.66,7.57,1.1,0.71,2.0,0.0,1.1,3.57,0.0,0.36,0.96,1.74,0.6,0.95,1.41,0.55,0.96,0.99,0.0,0.0,0.0,0.0,0.0,0.0,0.0,0.0,0.0,0.0,0.0,0.0,0.0,0.0,0.0,0.0,0.0,100,500,2000,0.0,3.0,20,120,5,60,1,4,0.45,0.35,0.2
MNR_002#out1#mnr_input0006,52,118,1.6,3.0,2.77,64,0,0,1.27,2.67,4.3,9.0,5.44,9.0,1.93,0.84,2.0,0.0,1.93,4.0,0.0,0.57,0.92,2.12,0.29,4.15,6.21,0.79,4.15,0.22,0.21,0.03,0.07,0.0,0.0,0.0,0.0,0.0,0.0,0.0,0.0,0.21,0.0,0.07,0.0,0.01,0.33,100,500,2000,0.0,3.0,20,120,5,60,1,4,0.45,0.35,0.2
MNR_002#out1#mnr_input0006,98,118,0.18,0.54,0.4,64,0,0,0.26,0.78,0.89,3.0,0.95,3.0,0.33,0.33,1.0,0.0,0.17,1.0,0.0,0.48,0.69,0.83,0.33,0.27,1.67,0.0,0.69,0.39,0.0,0.0,0.0,0.0,0.0,0.0,0.0,0.0,0.0,0.0,0.0,0.0,0.0,0.0,0.0,0.0,0.0,100,500,2000,0.0,3.0,20,120,5,60,1,4,0.45,0.35,0.2
MNR_002#out1#mnr_input0006,99,118,0.41,1.6,1.08,64,0,0,0.3,1.0,1.08,3.0,1.67,4.36,0.53,0.53,1.0,0.0,0.25,1.0,0.0,0.53,0.77,1.0,0.5,0.52,1.83,0.0,0.77,0.68,0.0,0.0,0.0,0.0,0.0,0.0,0.0,0.0,0.0,0.0,0.0,0.0,0.0,0.0,0.0,0.0,0.0,100,500,2000,0.0,3.0,20,120,5,60,1,4,0.45,0.35,0.2
MNR_002#out1#mnr_input0006,100,118,0.12,1.23,0.64,64,0,0,0.13,0.67,0.47,2.36,0.54,4.36,0.19,0.17,1.0,0.0,0.19,1.36,0.0,0.07,0.12,0.83,0.0,0.08,0.33,0.0,0.12,0.67,0.0,0.0,0.0,0.0,0.0,0.0,0.0,0.0,0.0,0.0,0.0,0.0,0.0,0.0,0.0,0.0,0.0,100,500,2000,0.0,3.0,20,120,5,60,1,4,0.45,0.35,0.2
MNR_002#out1#mnr_input0006,101,118,0.98,2.77,2.68,64,0,0,0.28,0.89,0.98,4.0,2.42,6.0,0.92,0.92,3.0,0.0,0.22,1.0,0.0,0.76,0.71,1.0,0.33,0.23,0.83,0.0,0.71,0.32,0.0,0.0,0.0,0.0,0.0,0.0,0.0,0.0,0.0,0.0,0.0,0.0,0.0,0.0,0.0,0.0,0.0,100,500,2000,0.0,3.0,20,120,5,60,1,4,0.45,0.35,0.2
MNR_002#out1#mnr_input0006,48,119,2.33,7.56,6.15,64,0,0,0.55,1.75,2.22,7.72,4.72,9.64,1.21,1.14,4.0,0.0,1.21,3.64,0.0,0.05,1.14,1.53,0.77,1.22,2.0,0.83,1.22,0.93,0.0,0.0,0.0,0.0,0.0,0.0,0.0,0.0,0.0,0.0,0.0,0.0,0.0,0.0,0.0,0.0,0.0,100,500,2000,0.0,3.0,20,120,5,60,1,4,0.45,0.35,0.2
MNR_002#out1#mnr_input0006,49,119,6.24,21.07,19.68,64,0,0,1.16,3.72,3.98,12.15,8.05,13.86,2.9,2.9,6.43,0.0,1.21,5.0,0.0,0.58,2.97,3.32,2.66,1.25,2.0,0.5,2.97,0.42,0.07,0.02,0.04,0.0,0.0,0.07,0.0,0.04,0.0,0.0,0.21,0.0,0.0,0.0,0.0,0.0,0.0,100,500,2000,0.0,3.0,20,120,5,60,1,4,0.45,0.35,0.2
MNR_002#out1#mnr_input0006,50,119,5.07,15.96,12.02,64,0,0,1.29,3.11,4.09,10.0,7.82,13.0,2.14,1.85,5.0,0.0,2.14,6.0,0.0,0.13,1.7,2.39,1.06,3.75,4.76,2.64,3.75,0.45,0.0,0.0,0.0,0.0,0.0,0.0,0.0,0.0,0.0,0.0,0.0,0.0,0.0,0.0,0.0,0.0,0.0,100,500,2000,0.0,3.0,20,120,5,60,1,4,0.45,0.35,0.2
MNR_002#out1#mnr_input0006,51,119,3.46,9.52,8.15,64,0,0,0.65,2.0,2.33,7.0,5.55,11.71,1.65,1.03,3.0,0.0,1.65,5.0,0.0,0.37,0.86,1.26,0.46,1.95,2.91,0.8,1.95,0.44,0.0,0.0,0.0,0.0,0.0,0.0,0.0,0.0,0.0,0.0,0.0,0.0,0.0,0.0,0.0,0.0,0.0,100,500,2000,0.0,3.0,20,120,5,60,1,4,0.45,0.35,0.2
MNR_002#out1#mnr_input0006,52,119,2.22,4.89,4.38,64,0,0,0.99,2.57,3.52,9.0,5.72,10.14,1.58,1.28,4.0,0.0,1.58,4.14,0.0,0.19,1.11,1.89,0.53,3.1,5.58,1.55,3.1,0.36,0.07,0.0,0.01,0.0,0.0,0.0,0.0,0.0,0.0,0.0,0.0,0.07,0.0,0.01,0.0,0.0,0.04,100,500,2000,0.0,3.0,20,120,5,60,1,4,0.45,0.35,0.2
MNR_002#out1#mnr_input0006,98,119,0.34,0.86,0.79,64,0,0,0.54,1.44,2.0,6.0,2.31,6.0,0.8,0.29,1.28,0.0,0.8,2.21,0.0,0.64,0.58,1.21,0.05,1.67,2.83,0.0,1.67,0.35,0.0,0.0,0.0,0.0,0.0,0.0,0.0,0.0,0.0,0.0,0.0,0.0,0.0,0.0,0.0,0.0,0.0,100,500,2000,0.0,3.0,20,120,5,60,1,4,0.45,0.35,0.2
MNR_002#out1#mnr_input0006,99,119,2.16,18.39,13.21,64,0,0,0.79,2.37,2.77,9.08,4.48,12.93,1.3,0.8,3.0,0.0,1.3,3.5,0.0,0.38,0.87,1.87,0.25,2.42,4.17,1.17,2.42,0.36,0.07,0.0,0.01,0.0,0.0,0.0,0.0,0.0,0.0,0.0,0.0,0.07,0.0,0.01,0.0,0.0,0.04,100,500,2000,0.0,3.0,20,120,5,60,1,4,0.45,0.35,0.2
MNR_002#out1#mnr_input0006,100,119,1.87,15.18,11.95,64,0,0,0.59,3.46,2.02,8.36,3.41,12.77,0.87,0.62,2.37,0.0,0.87,5.0,0.0,0.28,1.01,1.27,0.48,1.42,4.08,0.17,1.42,0.71,0.0,0.0,0.0,0.0,0.0,0.0,0.0,0.0,0.0,0.0,0.0,0.0,0.0,0.0,0.0,0.0,0.0,100,500,2000,0.0,3.0,20,120,5,60,1,4,0.45,0.35,0.2
MNR_002#out1#mnr_input0006,101,119,18.09,447.77,188.33,61,0,0,0.94,9.58,3.44,48.87,7.13,68.84,1.41,1.41,9.99,0.0,1.26,5.41,0.0,0.11,1.6,3.02,0.54,1.48,3.54,0.67,1.6,0.93,0.0,0.0,0.0,0.0,0.0,0.0,0.0,0.0,0.0,0.0,0.0,0.0,0.0,0.0,0.0,0.0,0.0,100,500,2000,0.0,3.0,20,120,5,60,1,4,0.45,0.35,0.2
MNR_002#out1#mnr_input0006,102,126,5.04,25.87,18.64,64,0,0,0.58,2.13,2.04,8.86,5.77,13.49,2.24,0.96,4.0,0.0,2.24,8.63,0.0,0.57,1.08,2.17,0.17,1.28,1.69,1.0,1.28,0.85,0.0,0.0,0.0,0.0,0.0,0.0,0.0,0.0,0.0,0.0,0.0,0.0,0.0,0.0,0.0,0.0,0.0,100,500,2000,0.0,3.0,20,120,5,60,1,4,0.45,0.35,0.2
MNR_002#out1#mnr_input0006,103,126,0.36,1.73,1.06,64,0,0,0.25,0.78,0.85,3.0,1.27,4.0,0.41,0.3,2.0,0.0,0.41,1.5,0.0,0.27,0.29,0.67,0.17,0.38,0.42,0.25,0.38,0.78,0.0,0.0,0.0,0.0,0.0,0.0,0.0,0.0,0.0,0.0,0.0,0.0,0.0,0.0,0.0,0.0,0.0,100,500,2000,0.0,3.0,20,120,5,60,1,4,0.45,0.35,0.2
MNR_002#out1#mnr_input0006,102,127,4.14,18.7,15.24,64,0,0,0.66,2.08,2.51,8.0,5.46,14.43,2.03,0.73,2.14,0.0,2.03,8.43,0.0,0.64,1.06,1.69,0.31,1.6,2.33,1.17,1.6,0.66,0.0,0.0,0.0,0.0,0.0,0.0,0.0,0.0,0.0,0.0,0.0,0.0,0.0,0.0,0.0,0.0,0.0,100,500,2000,0.0,3.0,20,120,5,60,1,4,0.45,0.35,0.2
MNR_002#out1#mnr_input0006,103,127,0.26,1.56,1.39,64,0,0,0.2,1.11,0.72,4.15,1.15,4.15,0.47,0.14,1.14,0.0,0.47,2.0,0.0,0.7,0.21,0.64,0.02,0.42,1.58,0.08,0.42,0.49,0.0,0.0,0.0,0.0,0.0,0.0,0.0,0.0,0.0,0.0,0.0,0.0,0.0,0.0,0.0,0.0,0.0,100,500,2000,0.0,3.0,20,120,5,60,1,4,0.45,0.35,0.2
MNR_002#out1#mnr_input0006,114,127,0.68,7.95,5.67,64,0,0,0.31,1.39,1.01,4.72,1.74,8.86,0.4,0.4,3.08,0.0,0.35,1.64,0.0,0.12,0.66,2.07,0.16,0.57,1.14,0.2,0.66,0.87,0.0,0.0,0.0,0.0,0.0,0.0,0.0,0.0,0.0,0.0,0.0,0.0,0.0,0.0,0.0,0.0,0.0,100,500,2000,0.0,3.0,20,120,5,60,1,4,0.45,0.35,0.2
MNR_002#out1#mnr_input0006,114,128,0.78,10.16,6.83,64,0,0,0.3,1.25,1.12,4.21,1.76,9.14,0.41,0.41,2.28,0.0,0.34,1.58,0.0,0.16,0.75,1.72,0.36,0.61,1.14,0.31,0.75,0.82,0.0,0.0,0.0,0.0,0.0,0.0,0.0,0.0,0.0,0.0,0.0,0.0,0.0,0.0,0.0,0.0,0.0,100,500,2000,0.0,3.0,20,120,5,60,1,4,0.45,0.35,0.2
MNR_002#out1#mnr_input0006,114,129,45.68,1932.16,573.82,62,2,0,1.0,22.96,3.2,79.56,4.64,98.83,0.78,0.78,6.85,0.0,0.61,7.7,0.0,0.22,1.28,3.62,0.21,1.01,2.78,0.22,1.28,0.79,0.0,0.0,0.0,0.0,0.0,0.0,0.0,0.0,0.0,0.0,0.0,0.0,0.0,0.0,0.0,0.0,0.0,100,500,2000,0.0,3.0,20,120,5,60,1,4,0.45,0.35,0.2
MNR_002#out1#mnr_input0006,114,134,1.17,14.97,9.87,64,0,0,0.32,1.92,1.03,7.43,1.71,14.0,0.58,0.58,7.0,0.0,0.5,4.43,0.0,0.15,0.48,0.71,0.17,0.85,3.57,0.02,0.85,0.56,0.0,0.0,0.0,0.0,0.0,0.0,0.0,0.0,0.0,0.0,0.0,0.0,0.0,0.0,0.0,0.0,0.0,100,500,2000,0.0,3.0,20,120,5,60,1,4,0.45,0.35,0.2
MNR_002#out1#mnr_input0006,115,134,0.46,5.86,2.43,64,0,0,0.31,1.29,1.1,4.07,1.44,5.09,0.58,0.58,3.29,0.0,0.18,1.29,0.0,0.7,0.82,1.02,0.52,0.28,0.74,0.07,0.82,0.34,0.0,0.0,0.0,0.0,0.0,0.0,0.0,0.0,0.0,0.0,0.0,0.0,0.0,0.0,0.0,0.0,0.0,100,500,2000,0.0,3.0,20,120,5,60,1,4,0.45,0.35,0.2
MNR_002#out1#mnr_input0006,114,135,0.09,0.33,0.33,64,0,0,0.12,0.56,0.38,2.0,0.44,2.29,0.14,0.13,1.0,0.0,0.14,1.14,0.0,0.09,0.17,0.21,0.17,0.03,0.07,0.02,0.17,0.17,0.0,0.0,0.0,0.0,0.0,0.0,0.0,0.0,0.0,0.0,0.0,0.0,0.0,0.0,0.0,0.0,0.0,100,500,2000,0.0,3.0,20,120,5,60,1,4,0.45,0.35,0.2
MNR_002#out1#mnr_input0006,115,135,0.02,0.27,0.16,64,0,0,0.06,0.4,0.18,2.0,0.19,2.0,0.07,0.02,1.0,0.0,0.07,1.0,0.0,0.73,0.0,0.02,0.0,0.07,0.07,0.05,0.07,0.04,0.0,0.0,0.0,0.0,0.0,0.0,0.0,0.0,0.0,0.0,0.0,0.0,0.0,0.0,0.0,0.0,0.0,100,500,2000,0.0,3.0,20,120,5,60,1,4,0.45,0.35,0.2
MNR_002#out1#mnr_input0006,114,136,0.02,0.18,0.15,64,0,0,0.03,0.2,0.08,0.93,0.17,1.07,0.12,0.0,0.0,0.0,0.12,0.64,0.0,1.0,0.0,0.0,0.0,0.07,0.07,0.07,0.07,0.0,0.0,0.0,0.0,0.0,0.0,0.0,0.0,0.0,0.0,0.0,0.0,0.0,0.0,0.0,0.0,0.0,0.0,100,500,2000,0.0,3.0,20,120,5,60,1,4,0.45,0.35,0.2
MNR_002#out1#mnr_input0006,115,136,0.14,1.68,1.24,64,0,0,0.07,0.87,0.27,3.15,0.45,5.16,0.07,0.07,1.0,0.0,0.07,1.43,0.0,0.06,0.13,1.0,0.0,0.09,0.24,0.02,0.13,0.74,0.0,0.0,0.0,0.0,0.0,0.0,0.0,0.0,0.0,0.0,0.0,0.0,0.0,0.0,0.0,0.0,0.0,100,500,2000,0.0,3.0,20,120,5,60,1,4,0.45,0.35,0.2
MNR_002#out1#mnr_input0006,114,137,0.11,0.26,0.25,64,0,0,0.16,0.56,0.55,2.15,0.65,2.15,0.23,0.12,1.0,0.0,0.23,1.14,0.0,0.49,0.16,0.26,0.0,0.21,0.24,0.07,0.21,0.75,0.0,0.0,0.0,0.0,0.0,0.0,0.0,0.0,0.0,0.0,0.0,0.0,0.0,0.0,0.0,0.0,0.0,100,500,2000,0.0,3.0,20,120,5,60,1,4,0.45,0.35,0.2
MNR_002#out1#mnr_input0006,115,137,0.06,0.74,0.46,64,0,0,0.05,0.48,0.2,2.29,0.27,2.86,0.05,0.04,1.0,0.0,0.05,1.0,0.0,0.23,0.08,0.62,0.0,0.07,0.17,0.0,0.08,0.84,0.0,0.0,0.0,0.0,0.0,0.0,0.0,0.0,0.0,0.0,0.0,0.0,0.0,0.0,0.0,0.0,0.0,100,500,2000,0.0,3.0,20,120,5,60,1,4,0.45,0.35,0.2
MNR_002#out1#mnr_input0006,114,138,0.05,0.33,0.33,64,0,0,0.05,0.33,0.17,2.0,0.21,2.0,0.16,0.02,1.0,0.0,0.16,1.14,0.0,0.87,0.0,0.0,0.0,0.02,0.02,0.02,0.02,0.0,0.0,0.0,0.0,0.0,0.0,0.0,0.0,0.0,0.0,0.0,0.0,0.0,0.0,0.0,0.0,0.0,0.0,100,500,2000,0.0,3.0,20,120,5,60,1,4,0.45,0.35,0.2
MNR_002#out1#mnr_input0006,115,138,0.09,0.33,0.33,64,0,0,0.12,0.52,0.38,2.0,0.42,2.14,0.12,0.12,1.0,0.0,0.03,1.0,0.0,0.74,0.16,0.17,0.14,0.02,0.02,0.0,0.16,0.13,0.0,0.0,0.0,0.0,0.0,0.0,0.0,0.0,0.0,0.0,0.0,0.0,0.0,0.0,0.0,0.0,0.0,100,500,2000,0.0,3.0,20,120,5,60,1,4,0.45,0.35,0.2
MNR_002#out1#mnr_input0006,116,138,0.15,0.47,0.39,64,0,0,0.24,0.9,0.79,3.29,0.83,3.43,0.41,0.08,1.0,0.0,0.41,1.29,0.0,0.81,0.04,0.05,0.02,0.59,0.6,0.55,0.59,0.06,0.0,0.0,0.0,0.0,0.0,0.0,0.0,0.0,0.0,0.0,0.0,0.0,0.0,0.0,0.0,0.0,0.0,100,500,2000,0.0,3.0,20,120,5,60,1,4,0.45,0.35,0.2
MNR_002#out1#mnr_input0006,117,138,0.29,2.51,2.14,64,0,0,0.16,0.82,0.53,2.28,0.87,7.0,0.29,0.29,3.0,0.0,0.22,2.0,0.0,0.24,0.19,0.33,0.14,0.38,0.83,0.29,0.38,0.5,0.0,0.0,0.0,0.0,0.0,0.0,0.0,0.0,0.0,0.0,0.0,0.0,0.0,0.0,0.0,0.0,0.0,100,500,2000,0.0,3.0,20,120,5,60,1,4,0.45,0.35,0.2
MNR_002#out1#mnr_input0006,118,138,0.4,4.63,3.13,64,0,0,0.21,1.18,0.71,4.29,0.95,6.0,0.31,0.31,5.0,0.0,0.26,2.14,0.0,0.14,0.26,0.71,0.02,0.45,1.6,0.0,0.45,0.58,0.0,0.0,0.0,0.0,0.0,0.0,0.0,0.0,0.0,0.0,0.0,0.0,0.0,0.0,0.0,0.0,0.0,100,500,2000,0.0,3.0,20,120,5,60,1,4,0.45,0.35,0.2
MNR_002#out1#mnr_input0006,114,139,0.04,0.33,0.33,64,0,0,0.05,0.33,0.14,1.0,0.18,1.29,0.16,0.0,0.0,0.0,0.16,1.14,0.0,1.0,0.0,0.0,0.0,0.02,0.02,0.02,0.02,0.0,0.0,0.0,0.0,0.0,0.0,0.0,0.0,0.0,0.0,0.0,0.0,0.0,0.0,0.0,0.0,0.0,0.0,100,500,2000,0.0,3.0,20,120,5,60,1,4,0.45,0.35,0.2
MNR_002#out1#mnr_input0006,115,139,0.07,0.41,0.35,64,0,0,0.07,0.33,0.24,1.0,0.29,1.43,0.02,0.0,0.14,0.0,0.02,0.14,0.0,0.86,0.0,0.02,0.0,0.02,0.02,0.0,0.02,0.14,0.0,0.0,0.0,0.0,0.0,0.0,0.0,0.0,0.0,0.0,0.0,0.0,0.0,0.0,0.0,0.0,0.0,100,500,2000,0.0,3.0,20,120,5,60,1,4,0.45,0.35,0.2
MNR_002#out1#mnr_input0006,116,139,0.15,0.5,0.4,64,0,0,0.18,0.68,0.6,2.43,0.64,2.43,0.27,0.09,1.14,0.0,0.27,1.29,0.0,0.68,0.13,0.38,0.02,0.35,0.55,0.02,0.35,0.38,0.0,0.0,0.0,0.0,0.0,0.0,0.0,0.0,0.0,0.0,0.0,0.0,0.0,0.0,0.0,0.0,0.0,100,500,2000,0.0,3.0,20,120,5,60,1,4,0.45,0.35,0.2
MNR_002#out1#mnr_input0006,117,139,0.15,0.58,0.53,64,0,0,0.17,0.56,0.57,2.0,0.72,2.0,0.19,0.19,1.0,0.0,0.11,1.0,0.0,0.44,0.3,0.36,0.14,0.25,0.52,0.0,0.3,0.84,0.0,0.0,0.0,0.0,0.0,0.0,0.0,0.0,0.0,0.0,0.0,0.0,0.0,0.0,0.0,0.0,0.0,100,500,2000,0.0,3.0,20,120,5,60,1,4,0.45,0.35,0.2
MNR_002#out1#mnr_input0006,118,139,0.13,0.25,0.24,64,0,0,0.2,0.59,0.66,2.14,0.66,2.14,0.22,0.11,1.0,0.0,0.22,1.0,0.0,0.5,0.15,0.17,0.0,0.27,0.33,0.0,0.27,0.54,0.0,0.0,0.0,0.0,0.0,0.0,0.0,0.0,0.0,0.0,0.0,0.0,0.0,0.0,0.0,0.0,0.0,100,500,2000,0.0,3.0,20,120,5,60,1,4,0.45,0.35,0.2
MNR_002#out1#mnr_input0006,114,140,0.16,0.67,0.67,64,0,0,0.11,0.56,0.35,2.0,0.62,2.0,0.13,0.13,1.0,0.0,0.12,1.14,0.0,0.05,0.17,0.21,0.17,0.02,0.02,0.0,0.17,0.09,0.0,0.0,0.0,0.0,0.0,0.0,0.0,0.0,0.0,0.0,0.0,0.0,0.0,0.0,0.0,0.0,0.0,100,500,2000,0.0,3.0,20,120,5,60,1,4,0.45,0.35,0.2
MNR_002#out1#mnr_input0006,115,140,0.27,0.67,0.67,64,0,0,0.13,0.56,0.42,2.14,0.99,2.14,0.33,0.22,1.0,0.0,0.33,1.0,0.0,0.33,0.13,0.17,0.0,0.29,0.33,0.0,0.29,0.43,0.0,0.0,0.0,0.0,0.0,0.0,0.0,0.0,0.0,0.0,0.0,0.0,0.0,0.0,0.0,0.0,0.0,100,500,2000,0.0,3.0,20,120,5,60,1,4,0.45,0.35,0.2
MNR_002#out1#mnr_input0006,113,141,0.58,11.58,3.19,64,0,0,0.35,1.42,1.1,4.94,1.6,4.94,0.52,0.31,1.29,0.0,0.52,2.37,0.0,0.39,0.31,0.5,0.19,0.96,1.49,0.21,0.96,0.32,0.0,0.0,0.0,0.0,0.0,0.0,0.0,0.0,0.0,0.0,0.0,0.0,0.0,0.0,0.0,0.0,0.0,100,500,2000,0.0,3.0,20,120,5,60,1,4,0.45,0.35,0.2
MNR_002#out1#mnr_input0006,113,142,0.87,16.26,7.83,64,0,0,0.28,1.1,1.1,7.85,1.63,12.15,0.71,0.26,2.14,0.0,0.71,10.0,0.0,0.63,0.53,1.89,0.18,0.63,0.94,0.31,0.63,0.84,0.0,0.0,0.0,0.0,0.0,0.0,0.0,0.0,0.0,0.0,0.0,0.0,0.0,0.0,0.0,0.0,0.0,100,500,2000,0.0,3.0,20,120,5,60,1,4,0.45,0.35,0.2
MNR_002#out1#mnr_input0006,113,143,0.35,1.33,1.09,64,0,0,0.3,0.84,1.12,3.41,1.71,4.21,0.58,0.3,1.22,0.0,0.58,2.07,0.0,0.48,0.51,0.67,0.31,0.81,1.06,0.58,0.81,0.63,0.0,0.0,0.0,0.0,0.0,0.0,0.0,0.0,0.0,0.0,0.0,0.0,0.0,0.0,0.0,0.0,0.0,100,500,2000,0.0,3.0,20,120,5,60,1,4,0.45,0.35,0.2
MNR_002#out1#mnr_input0006,113,144,0.38,1.58,1.13,64,0,0,0.37,1.11,1.34,4.5,2.0,5.57,0.59,0.59,2.5,0.0,0.46,1.57,0.0,0.22,0.92,1.88,0.65,0.63,1.17,0.36,0.92,0.69,0.0,0.0,0.0,0.0,0.0,0.0,0.0,0.0,0.0,0.0,0.0,0.0,0.0,0.0,0.0,0.0,0.0,100,500,2000,0.0,3.0,20,120,5,60,1,4,0.45,0.35,0.2
MNR_002#out1#mnr_input0006,113,148,1.15,9.27,4.94,64,0,0,0.45,1.45,2.05,7.71,3.19,7.99,0.85,0.85,4.5,0.0,0.85,3.57,0.0,0.0,1.04,2.28,0.31,1.53,2.14,1.07,1.53,0.68,0.0,0.0,0.0,0.0,0.0,0.0,0.0,0.0,0.0,0.0,0.0,0.0,0.0,0.0,0.0,0.0,0.0,100,500,2000,0.0,3.0,20,120,5,60,1,4,0.45,0.35,0.2
MNR_002#out1#mnr_input0006,113,149,0.32,0.92,0.84,64,0,0,0.32,1.13,1.04,3.72,1.41,3.72,0.6,0.17,1.0,0.0,0.6,1.43,0.0,0.72,0.18,0.24,0.17,1.13,1.31,0.86,1.13,0.16,0.0,0.0,0.0,0.0,0.0,0.0,0.0,0.0,0.0,0.0,0.0,0.0,0.0,0.0,0.0,0.0,0.0,100,500,2000,0.0,3.0,20,120,5,60,1,4,0.45,0.35,0.2
MNR_002#out1#mnr_input0006,113,150,0.45,1.83,1.56,64,0,0,0.37,1.1,1.18,3.29,1.54,3.29,0.77,0.1,1.0,0.0,0.77,3.0,0.0,0.87,0.19,0.35,0.0,1.03,1.14,0.86,1.03,0.19,0.0,0.0,0.0,0.0,0.0,0.0,0.0,0.0,0.0,0.0,0.0,0.0,0.0,0.0,0.0,0.0,0.0,100,500,2000,0.0,3.0,20,120,5,60,1,4,0.45,0.35,0.2
MNR_002#out1#mnr_input0006,113,151,0.35,1.21,0.96,64,0,0,0.34,0.85,1.13,3.42,1.55,4.3,0.55,0.17,1.22,0.0,0.55,2.0,0.0,0.7,0.18,0.37,0.01,0.94,1.14,0.43,0.94,0.19,0.0,0.0,0.0,0.0,0.0,0.0,0.0,0.0,0.0,0.0,0.0,0.0,0.0,0.0,0.0,0.0,0.0,100,500,2000,0.0,3.0,20,120,5,60,1,4,0.45,0.35,0.2
MNR_002#out1#mnr_input0006,113,152,0.61,2.96,2.0,64,0,0,0.42,1.33,2.1,7.01,2.96,7.01,0.83,0.83,2.43,0.0,0.68,2.5,0.0,0.19,1.31,2.13,0.94,1.21,2.2,0.42,1.31,0.92,0.0,0.0,0.0,0.0,0.0,0.0,0.0,0.0,0.0,0.0,0.0,0.0,0.0,0.0,0.0,0.0,0.0,100,500,2000,0.0,3.0,20,120,5,60,1,4,0.45,0.35,0.2
